run_id,exec_id,device_id,samples,observed_seconds,install_seconds,delivery_to_first_frame_seconds,install_result,app_first_seen_ms,game_first_seen_ms,first_frame_seen_ms,app_alive_ratio,game_alive_ratio,cpu_system_mean_pct,cpu_app_mean_pct,cpu_app_p95_pct,cpu_game_mean_pct,app_rss_mean_kib,app_rss_max_kib,game_rss_mean_kib,game_rss_max_kib,app_pss_mean_kib,app_pss_max_kib,game_pss_mean_kib,game_pss_max_kib,mem_available_min_kib,gpu_busy_mean_pct,gpu_busy_p95_pct,fps_mean,fps_p05,fps_p95,battery_temp_max_c,thermal_max_c,data_free_min_kib,screen_primary_class,screen_description,result,notes
RUN-20260919-001,EXEC-033,lenovo-tb-j606f,0,,,,,,,,,,,,,,,,,,,,,,,,,,,,,,,,,failed_install,La instalación completa no quedó verificada.
RUN-20260919-001,EXEC-033,mi-a3,0,,,,,,,,,,,,,,,,,,,,,,,,,,,,,,,,,failed_install,La instalación completa no quedó verificada.
RUN-20260919-001,EXEC-033,pixel-9a,301,300.000,192.078,,success,2449,101513,,1.000,0.664,63.004,11.562,14.368,31.462,278015.508,493868.000,663547.200,701596.000,848770.811,1263380.000,702057.133,716083.000,299360.000,,,,,,36.600,,10198436.000,loading,Pantalla oscura de preparación del entorno con un indicador circular azul; todavía no se observa el juego.,partial,"El proceso permaneció observable, pero la captura no confirma el estado esperado."
RUN-20260919-001,EXEC-033,redmi-note-8,0,,,,,,,,,,,,,,,,,,,,,,,,,,,,,,,,,failed_install,La instalación completa no quedó verificada.
RUN-20260919-004,EXEC-036,lenovo-tb-j606f,291,300.191,507.907,706.929,success,2337,195807,198686,1.000,0.330,45.147,9.692,15.259,23.524,122586.845,249396.000,693159.667,814888.000,109477.041,204021.000,1385611.917,1714426.000,957352.000,,,36.536,0.000,160.517,30.000,703.000,61774804.000,loading,"Se observa una pantalla negra de preparación con un indicador circular azul y el texto ""Preparing application...""; no se ve el juego.",partial,"El proceso permaneció observable, pero la captura no confirma el estado esperado."
RUN-20260919-004,EXEC-036,mi-a3,301,300.000,184.781,393.489,success,4434,206143,208484,0.997,0.316,36.364,9.361,14.612,21.827,147659.707,320728.000,633537.811,886084.000,88169.632,209050.000,1462035.044,1703141.000,131356.000,,,36.532,0.000,125.992,32.100,546.000,21368836.000,loading,"Se observa una pantalla negra de preparación con un pequeño indicador azul y el texto ""Preparing application...""; no se ve el juego.",partial,"El proceso permaneció observable, pero la captura no confirma el estado esperado."
RUN-20260919-004,EXEC-036,pixel-9a,301,300.000,197.329,299.669,success,1399,97201,102012,1.000,0.678,64.813,12.044,14.404,29.984,255420.159,423000.000,585080.373,709848.000,857416.661,1256653.000,690403.612,714738.000,35484.000,,,53.108,21.703,63.003,37.200,,9935584.000,loading,"Se observa un fondo negro con un indicador circular azul y el texto visible ""Preparing application...""; el juego todavía no aparece.",partial,"El proceso permaneció observable, pero la captura no confirma el estado esperado."
RUN-20260919-004,EXEC-036,redmi-note-8,301,300.000,194.668,,success,4438,,,0.997,0.000,27.358,7.819,11.973,,160774.720,286292.000,,,90213.331,206863.000,,,1077952.000,,,,,,33.900,390.000,3501104.000,loading,"Se observa una pantalla negra de preparación con un indicador circular azul, el texto ""Preparing application..."" y parte de un control lateral del entorno; no se ve el juego.",partial,"El proceso permaneció observable, pero la captura no confirma el estado esperado."
RUN-20260919-006,EXEC-038,pixel-9a,61,60.000,644.589,,success,955,,,1.000,0.000,40.783,12.452,15.947,,192400.984,417068.000,,,134946.213,172833.000,,,1575172.000,,,,,,37.000,,11393000.000,pending,,pending_classification,La medición terminó y la clasificación visual está pendiente.
RUN-20260919-007,EXEC-039,pixel-9a,301,300.000,595.372,,success,2872,,,1.000,0.000,40.805,4.987,15.634,,169500.279,356488.000,,,98192.744,287336.000,,,440108.000,,,,,,40.300,,9821628.000,loading,Pantalla negra con el texto claramente visible 'Preparing application...' y un indicador circular azul en la parte superior; no se observa la pantalla de título ni el juego.,partial,"El proceso permaneció observable, pero la captura no confirma el estado esperado."
RUN-20260919-009,EXEC-041,pixel-9a,301,300.000,569.231,672.564,success,2586,96219,102979,1.000,0.681,60.515,10.917,15.515,29.345,260361.462,812476.000,618899.629,694248.000,923133.392,2061536.000,695835.687,734713.000,0.000,,,50.333,17.725,63.908,42.400,,9566572.000,loading,A T+60 se observa la pantalla de preparación con el indicador azul y el texto 'Preparing application...'; el proceso Cuphead.exe aparece después y permanece vivo hasta T+300.,partial,"El proceso permaneció observable, pero la captura no confirma el estado esperado."
RUN-20260919-010,EXEC-042,lenovo-tb-j606f,301,300.198,209.096,479.049,success,2040,266370,269612,0.970,0.116,34.404,11.299,15.866,18.331,127703.890,256012.000,519841.714,850464.000,88447.021,203151.000,931313.871,1695610.000,1135472.000,,,11.365,0.000,54.484,27.000,898.000,61641020.000,black_screen,La captura T+60 es esencialmente negra y no contiene texto ni controles visibles; el monitoreo posterior sí observó Cuphead.exe al final de la ventana.,failed_visual_state,La captura canónica se clasificó como black_screen.
RUN-20260919-011,EXEC-043,redmi-note-8,301,300.000,202.914,,success,1999,,,1.000,0.000,28.124,8.225,14.809,,148703.561,298048.000,,,87930.997,217876.000,,,1292524.000,,,,,,35.100,390.000,2309532.000,loading,La captura T+60 muestra la pantalla de preparación con un indicador azul y el texto Preparing application...; no se observa el juego.,partial,"El proceso permaneció observable, pero la captura no confirma el estado esperado."
RUN-20260919-012,EXEC-044,mi-a3,301,300.000,188.205,391.412,success,1867,202594,202960,1.000,0.332,35.981,9.349,14.919,22.979,137716.199,290292.000,697784.640,889304.000,82403.651,186150.000,1487105.844,1704548.000,136736.000,,,36.816,0.000,125.995,35.300,546.000,21742244.000,loading,La captura T+60 muestra la pantalla de preparación con un indicador azul y el texto Preparing application...; no se observa el juego en ese instante.,partial,"El proceso permaneció observable, pero la captura no confirma el estado esperado."
