run_id,exec_id,created_at_utc,scenario_id,scenario_description,expected_state,duration_seconds,sample_interval_seconds,screenshot_second,package_name,artifact_path,artifact_sha256,artifact_bytes,install_mode,status,notes
RUN-20260919-001,EXEC-033,2026-09-19T04:34:54.512Z,titulo-instalacion-fria-5-min,Instalación fría completa y primer inicio observado durante cinco minutos,title_screen,300,1.0,60,com.cuphead,winlator/app/app/build/outputs/apks/cuphead-v45-full-local-testing.apks,9063bacab88dd543bcee024e50e0b34b2f0dcb8593a0ef1784c3840c5a5e1d28,6160286207,bundletool-install-apks-cold,completed_with_instrumentation_error,Primera aplicación de $win2apk-medir-dispositivos; cuatro dispositivos; instalación y medición secuenciales.
RUN-20260919-002,EXEC-034,2026-09-19T04:47:14.455Z,titulo-instalacion-fria-5-min,Instalación fría completa y primer inicio observado durante cinco minutos con detección corregida de superficie,title_screen,300,1.0,60,com.cuphead,winlator/app/app/build/outputs/apks/cuphead-v45-full-local-testing.apks,9063bacab88dd543bcee024e50e0b34b2f0dcb8593a0ef1784c3840c5a5e1d28,6160286207,bundletool-install-apks-cold,running,Primera medición completa con $win2apk-medir-dispositivos; corrige nombres RequestedLayerState de Android 17; cuatro dispositivos secuenciales.
RUN-20260919-003,EXEC-035,2026-09-19T14:31:27.204Z,titulo-instalacion-fria-5-min,Instalación fría completa y primer inicio observado durante cinco minutos; repetición desde cero,title_screen,300,1.0,60,com.cuphead,winlator/app/app/build/outputs/apks/cuphead-v45-full-local-testing.apks,9063bacab88dd543bcee024e50e0b34b2f0dcb8593a0ef1784c3840c5a5e1d28,6160286207,bundletool-install-apks-cold,running,Repetición completa solicitada después de interrupción; incluye métrica desde inicio de bundletool hasta primer frame presentado.
RUN-20260919-004,EXEC-036,2026-09-19T14:35:44.831Z,titulo-instalacion-fria-5-min,"Instalación fría completa y primer inicio observado durante cinco minutos; orden Pixel, tablet, Redmi y Xiaomi",title_screen,300,1.0,60,com.cuphead,winlator/app/app/build/outputs/apks/cuphead-v45-full-local-testing.apks,9063bacab88dd543bcee024e50e0b34b2f0dcb8593a0ef1784c3840c5a5e1d28,6160286207,bundletool-install-apks-cold,summarized,Ejecución completa solicitada; orden secuencial para evitar interferencia de rendimiento; incluye tiempo desde bundletool hasta primer frame.
RUN-20260919-005,EXEC-037,2026-09-19T19:12:05.077Z,modern-api36-16k-pixel-cold-install,Instalación fría de la compilación API 36 con empaquetado PAGE_ALIGNMENT_16K y observación del primer inicio,title_screen,60,1.0,60,com.cuphead,winlator/app/app/build/outputs/apks/cuphead-v46-modern-api36-16k-local-testing.apks,f0529d375c1a1a4b1211586362ea0492a37a954ea0db5f1ec1d092e6bc9bd616,6425573411,bundletool-install-apks-cold,running,
RUN-20260919-006,EXEC-038,2026-09-19T19:12:50.885Z,modern-api36-16k-pixel-cold-install,Instalación fría de la compilación API 36 con empaquetado PAGE_ALIGNMENT_16K y observación del primer inicio,title_screen,60,1.0,60,com.cuphead,winlator/app/app/build/outputs/apks/cuphead-v46-modern-api36-16k-local-testing.apks,f0529d375c1a1a4b1211586362ea0492a37a954ea0db5f1ec1d092e6bc9bd616,6425573411,bundletool-install-apks-cold,awaiting_classification,
RUN-20260919-007,EXEC-039,2026-09-19T19:53:13.340Z,modern-api36-pagesizecompat-v47-pixel-cold-install,Instalación fría de v47 con target API 36 y pageSizeCompat habilitado; conservar bibliotecas opcionales; comprobar arranque y ausencia del diálogo 16 KB,title_screen,300,1.0,60,com.cuphead,winlator/app/app/build/outputs/apks/cuphead-v47-pagesizecompat-local-testing.apks,1bfbe6922c9d69e98f6efab22f71d4537625e4a4e800c31f486b63a433e92327,6425573411,bundletool-install-apks-cold,summarized,
RUN-20260919-008,EXEC-040,2026-09-19T20:10:26.843Z,modern-api36-pagesizecompat-v47-lenovo-cold-install,"Instalación fría de v47 en Lenovo TB-J606F; comprobar creación del entorno, arranque de Cuphead y compatibilidad de API moderna",title_screen,300,1.0,60,com.cuphead,winlator/app/app/build/outputs/apks/cuphead-v47-pagesizecompat-local-testing.apks,1bfbe6922c9d69e98f6efab22f71d4537625e4a4e800c31f486b63a433e92327,6425573411,bundletool-install-apks-cold,running,
RUN-20260919-009,EXEC-041,2026-09-19T20:21:56.929Z,legacy-exec-api28-pagesizecompat-v48-pixel-cold-install,Instalación fría de v48 con target API 28 para permitir la ejecución de box64 desde el rootfs; se conserva compileSdk 36 y pageSizeCompat,title_screen,300,1.0,60,com.cuphead,winlator/app/app/build/outputs/apks/cuphead-v48-legacy-exec-local-testing.apks,23a2f8fb802c2435d2fcf1070dd6535484e15cffeb208ce30bff1e266cb41d31,6425573411,bundletool-install-apks-cold,summarized,
RUN-20260919-010,EXEC-042,2026-09-19T20:37:59.022Z,legacy-exec-api28-pagesizecompat-v48-lenovo-cold-install,"Instalación fría de v48 con target API 28 compatible con ejecución desde rootfs; comprobar creación del entorno, arranque de Cuphead y estabilidad",title_screen,300,1.0,60,com.cuphead,winlator/app/app/build/outputs/apks/cuphead-v48-legacy-exec-local-testing.apks,23a2f8fb802c2435d2fcf1070dd6535484e15cffeb208ce30bff1e266cb41d31,6425573411,bundletool-install-apks-cold,summarized,
RUN-20260919-011,EXEC-043,2026-09-19T20:47:39.988Z,legacy-exec-api28-pagesizecompat-v48-redmi-cold-install,Instalación fría de v48 en Redmi Note 8; comprobar ejecución de Cuphead y estabilidad de la ruta Adreno,title_screen,300,1.0,60,com.cuphead,winlator/app/app/build/outputs/apks/cuphead-v48-legacy-exec-local-testing.apks,23a2f8fb802c2435d2fcf1070dd6535484e15cffeb208ce30bff1e266cb41d31,6425573411,bundletool-install-apks-cold,summarized,
RUN-20260919-012,EXEC-044,2026-09-19T20:57:38.248Z,legacy-exec-api28-pagesizecompat-v48-mi-a3-cold-install,Instalación fría de v48 en Mi A3; comprobar ejecución de Cuphead y estabilidad de la ruta Adreno,title_screen,300,1.0,60,com.cuphead,winlator/app/app/build/outputs/apks/cuphead-v48-legacy-exec-local-testing.apks,23a2f8fb802c2435d2fcf1070dd6535484e15cffeb208ce30bff1e266cb41d31,6425573411,bundletool-install-apks-cold,summarized,
