run_id,device_id,sample_index,timestamp_utc,elapsed_ms,phase,app_alive,game_alive,app_pid_count,game_pid_count,cpu_system_busy_pct,cpu_app_total_capacity_pct,cpu_game_total_capacity_pct,load_1m,app_rss_kib,game_rss_kib,app_pss_kib,game_pss_kib,graphics_pss_kib,swap_pss_kib,mem_total_kib,mem_available_kib,ion_heap_kib,gpu_memory_kib,gpu_busy_pct,gpu_freq_hz,fps_presented,frame_count_delta,fps_source,battery_pct,battery_temp_c,thermal_max_c,thermal_status,data_free_kib,screen_on,metric_status
RUN-20260920-015,lenovo-tb-j606f,0,2026-09-20T23:34:29.375Z,228,startup,true,false,1,0,,,,0.000,112952,,119477,,68788,2332,5813780,1855004,,,,,,,,91.000,31.500,820.000,0,68005884,true,partial:gpu_util_N/R|fps_N/R
RUN-20260920-015,lenovo-tb-j606f,1,2026-09-20T23:34:30.096Z,4386,startup,true,false,1,0,47.454,3.113,,0.000,121232,,119477,,68788,2332,5813780,1852520,,,,,,36,,91.000,31.500,820.000,0,68005884,true,partial:gpu_util_N/R|fps_N/R
RUN-20260920-015,lenovo-tb-j606f,2,2026-09-20T23:34:30.829Z,5107,startup,true,false,1,0,51.602,2.530,,0.000,121232,,119477,,68788,2332,5813780,1835728,,,,,44.397,32,surfaceflinger_latency,91.000,31.500,820.000,0,68005884,true,partial:gpu_util_N/R
RUN-20260920-015,lenovo-tb-j606f,3,2026-09-20T23:34:31.527Z,5840,startup,true,false,1,0,59.528,2.698,,0.000,121232,,119477,,68788,2332,5813780,1841696,,,,,44.996,33,surfaceflinger_latency,91.000,31.500,820.000,0,68005884,true,partial:gpu_util_N/R
RUN-20260920-015,lenovo-tb-j606f,4,2026-09-20T23:34:32.251Z,6538,startup,true,false,1,0,44.174,2.609,,0.000,121232,,119477,,68788,2332,5813780,1841392,,,,,50.119,35,surfaceflinger_latency,91.000,31.500,820.000,0,68005884,true,partial:gpu_util_N/R
RUN-20260920-015,lenovo-tb-j606f,5,2026-09-20T23:34:33.271Z,7262,startup,true,false,1,0,45.082,2.623,,0.000,121232,,125904,,68788,1942,5813780,1839612,,,,,63.592,46,surfaceflinger_latency,91.000,31.500,820.000,0,68005884,true,partial:gpu_util_N/R
RUN-20260920-015,lenovo-tb-j606f,6,2026-09-20T23:34:33.970Z,8282,startup,true,false,1,0,44.114,3.686,,0.000,120816,,125904,,68788,1942,5813780,1839968,,,,,33.326,34,surfaceflinger_latency,91.000,31.500,820.000,0,68005884,true,partial:gpu_util_N/R
RUN-20260920-015,lenovo-tb-j606f,7,2026-09-20T23:34:34.697Z,8981,startup,true,false,1,0,45.596,2.763,,0.000,120816,,125904,,68788,1942,5813780,1840104,,,,,48.604,34,surfaceflinger_latency,91.000,31.500,820.000,0,68005884,true,partial:gpu_util_N/R
RUN-20260920-015,lenovo-tb-j606f,8,2026-09-20T23:34:35.416Z,9708,startup,true,false,1,0,44.182,2.698,,0.000,120816,,125904,,68788,1942,5813780,1840072,,,,,48.193,35,surfaceflinger_latency,91.000,31.500,820.000,0,68005884,true,partial:gpu_util_N/R
RUN-20260920-015,lenovo-tb-j606f,9,2026-09-20T23:34:36.132Z,10427,startup,true,false,1,0,46.090,2.496,,0.000,120816,,125904,,68788,1942,5813780,1839488,,,,,47.255,34,surfaceflinger_latency,91.000,31.500,820.000,0,68005884,true,partial:gpu_util_N/R
RUN-20260920-015,lenovo-tb-j606f,10,2026-09-20T23:34:40.053Z,11143,startup,true,false,1,0,44.538,2.689,,0.000,120816,,125695,,68788,1942,5813780,1840228,,,,,177.413,127,surfaceflinger_latency,91.000,31.500,703.000,0,68035484,true,partial:gpu_util_N/R
RUN-20260920-015,lenovo-tb-j606f,11,2026-09-20T23:34:40.770Z,15065,startup,true,false,1,0,46.665,2.903,,0.000,120700,,125695,,68788,1942,5813780,1839548,,,,,8.669,34,surfaceflinger_latency,91.000,31.500,703.000,0,68035484,true,partial:gpu_util_N/R
