BC7,512,256,1,1,1,compressed
BC7,2048,4096,1,1,1,compressed
BC7,2048,2048,1,1,1,compressed
BC7,1024,1024,1,1,1,compressed
BC7,4096,4096,1,1,1,compressed
BC7,4096,4096,1,1,1,compressed
BC7,4096,4096,1,1,1,compressed
BC7,4096,4096,1,1,1,compressed
BC7,4096,4096,1,1,1,compressed
BC7,4096,4096,1,1,1,compressed
BC7,4096,4096,1,1,1,compressed
BC7,4096,4096,1,1,1,compressed
BC3,1024,512,1,1,1,compressed
BC3,1024,512,1,1,1,compressed
BC3,1024,512,1,1,1,compressed
BC3,1024,512,1,1,1,compressed
BC3,1024,512,1,1,1,compressed
BC3,1024,512,1,1,1,compressed
BC3,1024,512,1,1,1,compressed
BC3,1024,512,1,1,1,compressed
BC3,1024,512,1,1,1,compressed
BC3,1024,512,1,1,1,compressed
BC3,1024,512,1,1,1,compressed
BC3,1024,512,1,1,1,compressed
BC3,1024,512,1,1,1,compressed
BC3,1024,512,1,1,1,compressed
BC3,1024,512,1,1,1,compressed
BC3,1024,512,1,1,1,compressed
BC3,1024,512,1,1,1,compressed
BC3,1024,512,1,1,1,compressed
BC3,1024,512,1,1,1,compressed
BC3,1024,512,1,1,1,compressed
BC3,1024,512,1,1,1,compressed
BC3,1024,512,1,1,1,compressed
BC3,1024,512,1,1,1,compressed
BC3,1024,512,1,1,1,compressed
BC3,1024,512,1,1,1,compressed
BC3,1024,512,1,1,1,compressed
BC3,1024,512,1,1,1,compressed
BC3,1024,512,1,1,1,compressed
BC3,1024,512,1,1,1,compressed
BC3,1024,512,1,1,1,compressed
BC3,1024,512,1,1,1,compressed
BC3,1024,512,1,1,1,compressed
BC3,1024,512,1,1,1,compressed
BC3,1024,512,1,1,1,compressed
BC3,1024,512,1,1,1,compressed
BC3,1024,512,1,1,1,compressed
BC3,1024,512,1,1,1,compressed
BC3,1024,512,1,1,1,compressed
BC3,1024,512,1,1,1,compressed
BC3,1024,512,1,1,1,compressed
BC3,1024,512,1,1,1,compressed
BC3,1024,512,1,1,1,compressed
BC3,1024,512,1,1,1,compressed
BC3,1024,512,1,1,1,compressed
BC3,1024,512,1,1,1,compressed
BC3,1024,512,1,1,1,compressed
BC3,1024,512,1,1,1,compressed
BC3,1024,512,1,1,1,compressed
BC3,1024,512,1,1,1,compressed
BC3,1024,512,1,1,1,compressed
BC3,1024,512,1,1,1,compressed
BC3,1024,512,1,1,1,compressed
BC3,1024,512,1,1,1,compressed
BC3,1024,512,1,1,1,compressed
BC3,1024,512,1,1,1,compressed
BC3,1024,512,1,1,1,compressed
BC3,1024,512,1,1,1,compressed
BC3,1024,512,1,1,1,compressed
BC3,1024,512,1,1,1,compressed
BC3,1024,512,1,1,1,compressed
BC3,1024,512,1,1,1,compressed
BC3,1024,512,1,1,1,compressed
BC3,1024,512,1,1,1,compressed
BC3,1024,512,1,1,1,compressed
BC3,1024,512,1,1,1,compressed
BC3,1024,512,1,1,1,compressed
BC3,1024,512,1,1,1,compressed
BC3,1024,512,1,1,1,compressed
BC3,1024,512,1,1,1,compressed
BC3,1024,512,1,1,1,compressed
BC3,1024,512,1,1,1,compressed
BC3,1024,512,1,1,1,compressed
BC3,1024,512,1,1,1,compressed
BC3,1024,512,1,1,1,compressed
BC3,1024,512,1,1,1,compressed
BC3,1024,512,1,1,1,compressed
BC3,1024,512,1,1,1,compressed
BC3,1024,512,1,1,1,compressed
BC3,1024,512,1,1,1,compressed
BC3,1024,512,1,1,1,compressed
BC3,1024,512,1,1,1,compressed
BC3,1024,512,1,1,1,compressed
BC3,1024,512,1,1,1,compressed
BC3,1024,512,1,1,1,compressed
BC3,1024,512,1,1,1,compressed
BC3,1024,512,1,1,1,compressed
BC3,1024,512,1,1,1,compressed
BC3,1024,512,1,1,1,compressed
BC3,1024,512,1,1,1,compressed
BC3,1024,512,1,1,1,compressed
BC3,1024,512,1,1,1,compressed
BC3,1024,512,1,1,1,compressed
BC3,1024,512,1,1,1,compressed
BC3,1024,512,1,1,1,compressed
BC3,1024,512,1,1,1,compressed
BC3,1024,512,1,1,1,compressed
BC3,1024,512,1,1,1,compressed
BC3,1024,512,1,1,1,compressed
BC3,1024,512,1,1,1,compressed
BC3,1024,512,1,1,1,compressed
BC3,1024,512,1,1,1,compressed
BC3,1024,512,1,1,1,compressed
BC3,1024,512,1,1,1,compressed
BC3,1024,512,1,1,1,compressed
BC3,1024,512,1,1,1,compressed
BC3,1024,512,1,1,1,compressed
BC3,1024,512,1,1,1,compressed
BC3,1024,512,1,1,1,compressed
BC3,1024,512,1,1,1,compressed
BC3,1024,512,1,1,1,compressed
BC3,1024,512,1,1,1,compressed
BC3,1024,512,1,1,1,compressed
BC3,1024,512,1,1,1,compressed
BC3,1024,512,1,1,1,compressed
BC3,1024,512,1,1,1,compressed
BC3,1024,512,1,1,1,compressed
BC3,1024,512,1,1,1,compressed
BC3,1024,512,1,1,1,compressed
BC3,1024,512,1,1,1,compressed
BC3,1024,512,1,1,1,compressed
BC3,1024,512,1,1,1,compressed
BC3,1024,512,1,1,1,compressed
BC3,1024,512,1,1,1,compressed
BC3,1024,512,1,1,1,compressed
BC3,1024,512,1,1,1,compressed
BC3,1024,512,1,1,1,compressed
BC3,1024,512,1,1,1,compressed
BC7,4096,4096,1,1,1,compressed
BC7,4096,4096,1,1,1,compressed
BC7,4096,4096,1,1,1,compressed
BC7,2048,4096,1,1,1,compressed
BC7,2048,2048,1,1,1,compressed
BC7,4096,2048,1,1,1,compressed
BC7,1024,1024,1,1,1,compressed
BC7,2048,4096,1,1,1,compressed
BC7,4096,2048,1,1,1,compressed
BC7,512,1024,1,1,1,compressed
BC7,2048,2048,1,1,1,compressed
BC7,1024,1024,1,1,1,compressed
BC3,128,128,1,1,1,compressed
BC3,128,128,1,1,1,compressed
BC7,128,64,1,1,1,compressed
BC7,2048,2048,1,1,1,compressed
BC7,2048,4096,1,1,1,compressed
BC7,128,32,1,1,1,compressed
BC7,4096,4096,1,1,1,compressed
BC7,4096,4096,1,1,1,compressed
BC7,4096,4096,1,1,1,compressed
BC7,4096,4096,1,1,1,compressed
BC7,4096,4096,1,1,1,compressed
BC7,4096,4096,1,1,1,compressed
BC7,2048,2048,1,1,1,compressed
BC7,4096,4096,1,1,1,compressed
BC7,1024,512,1,1,1,compressed
BC7,2048,1024,1,1,1,compressed
BC7,4096,4096,1,1,1,compressed
BC7,2048,2048,1,1,1,compressed
BC7,4096,4096,1,1,1,compressed
BC7,4096,4096,1,1,1,compressed
BC7,2048,1024,1,1,1,compressed
BC7,4096,4096,1,1,1,compressed
BC7,4096,4096,1,1,1,compressed
BC7,4096,4096,1,1,1,compressed
BC7,4096,4096,1,1,1,compressed
BC7,4096,4096,1,1,1,compressed
BC7,4096,4096,1,1,1,compressed
BC1a,512,288,1,1,1,compressed
BC3,64,320,1,1,1,compressed
