n,keyword,titulo,primer_autor,doi,archivo,estado,licencia,fuente_pdf,openalex_titulo,openalex_doi,nota
1,WINE,Security implications of running windows software on a Linux system using Wine: a malware analysis study,"Duncan, R.",10.1007/s11416-018-0319-9,WINE_security_implications_of_running_windows_software_on_a_linux_system_using_wine_a_malware_analysis_study-Duncan_R.pdf,DESCARGADO,cc-by-4.0,https://link.springer.com/content/pdf/10.1007%2Fs11416-018-0319-9.pdf,Security implications of running windows software on a Linux system using Wine: a malware analysis study,https://doi.org/10.1007/s11416-018-0319-9,PDF de acceso abierto con licencia de redistribucion
2,WINE,Virtual operating system for Windows to Linux migration,"Giri, N. H.",,WINE_virtual_operating_system_for_windows_to_linux_migration-Giri_N_H.pdf,PDF_EN_BLANCO,,,Virtual operating system for Windows to Linux migration,https://doi.org/10.1109/icecds.2017.8389825,No se encontro una version PDF con licencia explicita de redistribucion
3,OS_COMPATIBILITY,A robust and flexible operating system compatibility architecture,"Saeki, T.",10.1145/3381052.3381327,OS_COMPATIBILITY_a_robust_and_flexible_operating_system_compatibility_architecture-Saeki_T.pdf,PDF_EN_BLANCO,,,A robust and flexible operating system compatibility architecture,https://doi.org/10.1145/3381052.3381327,No se encontro una version PDF con licencia explicita de redistribucion
4,WINE,A study on windows-based ransomware implications on linux operating system using compatibility layer wine based on dynamic analysis,"Septiasari, R.",10.1088/1757-899X/1007/1/012120,WINE_a_study_on_windows_based_ransomware_implications_on_linux_operating_system_using_compatibility_layer_wine_based_on_dynamic_analysis-Septiasari_R.pdf,DESCARGADO,cc-by-3.0,https://iopscience.iop.org/article/10.1088/1757-899X/1007/1/012120/pdf,A study on windows-based ransomware implications on linux operating system using compatibility layer wine based on dynamic analysis,https://doi.org/10.1088/1757-899x/1007/1/012120,PDF de acceso abierto con licencia de redistribucion
5,WINE,MEGA X: molecular evolutionary genetics analysis across computing platforms,"Kumar, S.",10.1093/molbev/msy096,WINE_mega_x_molecular_evolutionary_genetics_analysis_across_computing_platforms-Kumar_S.pdf,PDF_EN_BLANCO,,,MEGA X: Molecular Evolutionary Genetics Analysis across Computing Platforms,https://doi.org/10.1093/molbev/msy096,No se encontro una version PDF con licencia explicita de redistribucion; sin licencia redistribuible: https://academic.oup.com/mbe/article-pdf/35/6/1547/25091958/msy096.pdf
6,WINE,"Interactive launch of 16,000 microsoft windows instances on a supercomputer","Jones, M.",,WINE_interactive_launch_of_16000_microsoft_windows_instances_on_a_supercomputer-Jones_M.pdf,PDF_EN_BLANCO,,,"Interactive Launch of 16,000 Microsoft Windows Instances on a Supercomputer",https://doi.org/10.1109/hpec.2018.8547782,No se encontro una version PDF con licencia explicita de redistribucion; sin licencia redistribuible: https://arxiv.org/pdf/1808.04345
7,OS_COMPATIBILITY,Loupe: Driving the development of OS compatibility layers,"Lefeuvre, H.",10.1145/3617232.3624861,OS_COMPATIBILITY_loupe_driving_the_development_of_os_compatibility_layers-Lefeuvre_H.pdf,PDF_EN_BLANCO,,,Loupe: Driving the Development of OS Compatibility Layers,https://doi.org/10.1145/3617232.3624861,No se encontro una version PDF con licencia explicita de redistribucion; HTTP 403: https://dl.acm.org/doi/pdf/10.1145/3617232.3624861 | sin licencia redistribuible: https://orbi.uliege.be/bitstream/2268/316427/1/3617232.3624861.pdf
8,ANDROID,Cider: Native execution of iOS apps on Android,"Andrus, J.",10.1145/2654822.2541972,ANDROID_cider_native_execution_of_ios_apps_on_android-Andrus_J.pdf,PDF_EN_BLANCO,,,,,No se encontro una version PDF con licencia explicita de redistribucion
9,SYSTEM_CALLS,System call interposition without compromise,"Jacobs, A.",10.1109/DSN58291.2024.00030,SYSTEM_CALLS_system_call_interposition_without_compromise-Jacobs_A.pdf,PDF_EN_BLANCO,,,System Call Interposition Without Compromise,https://doi.org/10.1109/dsn58291.2024.00030,No se encontro una version PDF con licencia explicita de redistribucion
10,WINE,Research on cross-operating system and cross-CPU compatible technologies for application software,"Zhai, Y.",10.1117/12.3109726,WINE_research_on_cross_operating_system_and_cross_cpu_compatible_technologies_for_application_software-Zhai_Y.pdf,PDF_EN_BLANCO,,,Research on cross-operating system and cross-CPU compatible technologies for application software,https://doi.org/10.1117/12.3109726,No se encontro una version PDF con licencia explicita de redistribucion
11,BOX64,Analysis and Research on BOX64's Core Technologies for Cross-Architecture Software Migration,"Zhang, J.",10.1109/FRSE58934.2023.00064,BOX64_analysis_and_research_on_box64s_core_technologies_for_cross_architecture_software_migration-Zhang_J.pdf,PDF_EN_BLANCO,,,Analysis and Research on BOX64’s Core Technologies for Cross-Architecture Software Migration,https://doi.org/10.1109/frse58934.2023.00064,No se encontro una version PDF con licencia explicita de redistribucion
12,DYNAMIC_BINARY_TRANSLATION,Efficient condition code emulation for dynamic binary translation systems,"Zeng, H.",10.1117/12.2660798,DYNAMIC_BINARY_TRANSLATION_efficient_condition_code_emulation_for_dynamic_binary_translation_systems-Zeng_H.pdf,PDF_EN_BLANCO,,,Efficient condition code emulation for dynamic binary translation systems,https://doi.org/10.1117/12.2660798,No se encontro una version PDF con licencia explicita de redistribucion
13,DBT,Low overhead dynamic binary translation on ARM,"d'Antras, A.",10.1145/3062341.3062371,DBT_low_overhead_dynamic_binary_translation_on_arm-dAntras_A.pdf,PDF_EN_BLANCO,,,Low overhead dynamic binary translation on ARM,https://doi.org/10.1145/3062341.3062371,No se encontro una version PDF con licencia explicita de redistribucion; sin licencia redistribuible: https://research.manchester.ac.uk/files/56078084/pldi_16.pdf
14,LLVM,Efficient LLVM-based dynamic binary translation,"Engelke, A.",10.1145/3453933.3454022,LLVM_efficient_llvm_based_dynamic_binary_translation-Engelke_A.pdf,PDF_EN_BLANCO,,,Efficient LLVM-based dynamic binary translation,https://doi.org/10.1145/3453933.3454022,No se encontro una version PDF con licencia explicita de redistribucion
15,SIMD,Improving SIMD parallelism via dynamic binary translation,"Hong, D.-Y.",10.1145/3173456,SIMD_improving_simd_parallelism_via_dynamic_binary_translation-Hong_D_Y.pdf,PDF_EN_BLANCO,,,Improving SIMD Parallelism via Dynamic Binary Translation,https://doi.org/10.1145/3173456,No se encontro una version PDF con licencia explicita de redistribucion
16,SIMD,Exploiting asymmetric SIMD register configurations in ARM-to-x86 dynamic binary translation,"Liu, Y.-P.",10.1109/PACT.2017.57,SIMD_exploiting_asymmetric_simd_register_configurations_in_arm_to_x86_dynamic_binary_translation-Liu_Y_P.pdf,PDF_EN_BLANCO,,,Exploiting Asymmetric SIMD Register Configurations in ARM-to-x86 Dynamic Binary Translation,https://doi.org/10.1109/pact.2017.15,No se encontro una version PDF con licencia explicita de redistribucion
17,SIMD,Exploiting SIMD asymmetry in ARM-to-x86 dynamic binary translation,"Liu, Y.-P.",10.1145/3301488,SIMD_exploiting_simd_asymmetry_in_arm_to_x86_dynamic_binary_translation-Liu_Y_P.pdf,PDF_EN_BLANCO,,,Exploiting SIMD Asymmetry in ARM-to-x86 Dynamic Binary Translation,https://doi.org/10.1145/3301488,No se encontro una version PDF con licencia explicita de redistribucion; sin licencia redistribuible: https://dl.acm.org/doi/pdf/10.1145/3301488
18,SIMD,Efficient and retargetable SIMD translation in a dynamic binary translator,"Fu, S.-Y.",10.1002/spe.2573,SIMD_efficient_and_retargetable_simd_translation_in_a_dynamic_binary_translator-Fu_S_Y.pdf,PDF_EN_BLANCO,,,Efficient and retargetable SIMD translation in a dynamic binary translator,https://doi.org/10.1002/spe.2573,No se encontro una version PDF con licencia explicita de redistribucion
19,DBT,An instruction inflation analyzing framework for dynamic binary translators,"Xie, B.",10.1145/3640813,DBT_an_instruction_inflation_analyzing_framework_for_dynamic_binary_translators-Xie_B.pdf,PDF_EN_BLANCO,,,An Instruction Inflation Analyzing Framework for Dynamic Binary Translators,https://doi.org/10.1145/3640813,No se encontro una version PDF con licencia explicita de redistribucion; sin licencia redistribuible: https://dl.acm.org/doi/pdf/10.1145/3640813
20,DBT,Towards Efficient Dynamic Binary Translation Optimizations Based on RISC Architectural Features,"Xie, W. B.",10.1142/S0218126624501044,DBT_towards_efficient_dynamic_binary_translation_optimizations_based_on_risc_architectural_features-Xie_W_B.pdf,PDF_EN_BLANCO,,,Towards Efficient Dynamic Binary Translation Optimizations Based on RISC Architectural Features,https://doi.org/10.1142/s0218126624501044,No se encontro una version PDF con licencia explicita de redistribucion
21,SIMD,Optimizing data permutations in structured loads/stores translation and SIMD register mapping for a cross-ISA dynamic binary translator,"Fu, S.-Y.",10.1016/j.sysarc.2019.101653,SIMD_optimizing_data_permutations_in_structured_loads_stores_translation_and_simd_register_mapping_for_a_cross_isa_dynamic_binary_translator-Fu_S_Y.pdf,PDF_EN_BLANCO,,,Optimizing data permutations in structured loads/stores translation and SIMD register mapping for a cross-ISA dynamic binary translator,https://doi.org/10.1016/j.sysarc.2019.07.008,No se encontro una version PDF con licencia explicita de redistribucion
22,SIMD,Effective exploitation of SIMD resources in cross-ISA virtualization,"Wu, J.",10.1145/3453933.3454016,SIMD_effective_exploitation_of_simd_resources_in_cross_isa_virtualization-Wu_J.pdf,PDF_EN_BLANCO,,,Effective exploitation of SIMD resources in cross-ISA virtualization,https://doi.org/10.1145/3453933.3454016,No se encontro una version PDF con licencia explicita de redistribucion
23,DBT,A system-level dynamic binary translator using automatically-learned translation rules,"Jiang, J.",10.1109/HPCA57654.2024.00061,DBT_a_system_level_dynamic_binary_translator_using_automatically_learned_translation_rules-Jiang_J.pdf,PDF_EN_BLANCO,,,A System-Level Dynamic Binary Translator Using Automatically-Learned Translation Rules,https://doi.org/10.1109/cgo57630.2024.10444850,No se encontro una version PDF con licencia explicita de redistribucion
24,LLVM,Instrew: Leveraging LLVM for high performance dynamic binary instrumentation,"Engelke, A.",10.1145/3381052.3381319,LLVM_instrew_leveraging_llvm_for_high_performance_dynamic_binary_instrumentation-Engelke_A.pdf,PDF_EN_BLANCO,,,,,No se encontro una version PDF con licencia explicita de redistribucion
25,QEMU,HQEMU: a multi-threaded and retargetable dynamic binary translator on multicores,"Hong, D.-Y.",10.1145/2259016.2259030,QEMU_hqemu_a_multi_threaded_and_retargetable_dynamic_binary_translator_on_multicores-Hong_D_Y.pdf,PDF_EN_BLANCO,,,,,No se encontro una version PDF con licencia explicita de redistribucion
26,X86,Dynamically Translating x86 to LLVM using QEMU,"Chipounov, V.",,X86_dynamically_translating_x86_to_llvm_using_qemu-Chipounov_V.pdf,PDF_EN_BLANCO,,,Dynamically Translating x86 to LLVM using QEMU,,No se encontro una version PDF con licencia explicita de redistribucion; respuesta no es PDF: http://infoscience.epfl.ch/record/149975
27,ARM,A retargetable static binary translator for the ARM architecture,"Shen, B.-Y.",10.1145/2629335,ARM_a_retargetable_static_binary_translator_for_the_arm_architecture-Shen_B_Y.pdf,PDF_EN_BLANCO,,,A Retargetable Static Binary Translator for the ARM Architecture,https://doi.org/10.1145/2629335,No se encontro una version PDF con licencia explicita de redistribucion; sin licencia redistribuible: https://dl.acm.org/doi/pdf/10.1145/2629335
28,DUAL_ISA,"Efficient dual-ISA support in a retargetable, asynchronous dynamic binary translator","Spink, T.",10.1109/TPDS.2015.2508193,DUAL_ISA_efficient_dual_isa_support_in_a_retargetable_asynchronous_dynamic_binary_translator-Spink_T.pdf,PDF_EN_BLANCO,,,"Efficient dual-ISA support in a retargetable, asynchronous Dynamic Binary Translator",https://doi.org/10.1109/samos.2015.7363665,No se encontro una version PDF con licencia explicita de redistribucion
29,X86,Instruction emulation and OS supports of a hybrid binary translator for x86 instruction set architecture,"Liu, I.-C.",10.1109/ICCE-TW.2015.7216880,X86_instruction_emulation_and_os_supports_of_a_hybrid_binary_translator_for_x86_instruction_set_architecture-Liu_I_C.pdf,PDF_EN_BLANCO,,,Instruction Emulation and OS Supports of a Hybrid Binary Translator for x86 Instruction Set Architecture,https://doi.org/10.1109/uic-atc-scalcom-cbdcom-iop.2015.198,No se encontro una version PDF con licencia explicita de redistribucion
30,LLVM,An LLVM-based hybrid binary translation system,"Shen, B.-Y.",10.1109/PACT.2012.30,LLVM_an_llvm_based_hybrid_binary_translation_system-Shen_B_Y.pdf,PDF_EN_BLANCO,,,An LLVM-based hybrid binary translation system,https://doi.org/10.1109/sies.2012.6356589,No se encontro una version PDF con licencia explicita de redistribucion
31,DBT,Accelerating Shared Library Execution in a DBT,"Spink, T.",10.1145/3652032.3657565,DBT_accelerating_shared_library_execution_in_a_dbt-Spink_T.pdf,PDF_EN_BLANCO,,,Accelerating Shared Library Execution in a DBT,https://doi.org/10.1145/3652032.3657565,No se encontro una version PDF con licencia explicita de redistribucion; HTTP 403: https://www.research.ed.ac.uk/files/449177711/SpinkFrankeLCTES2024AcceleratingSharedLibraryExecution.pdf | sin licencia redistribuible: https://dl.acm.org/doi/pdf/10.1145/3652032.3657565
32,CROSS_ISA,Cross-ISA machine instrumentation using fast and scalable dynamic binary translation,"Cota, E. G.",10.1145/3313808.3313811,CROSS_ISA_cross_isa_machine_instrumentation_using_fast_and_scalable_dynamic_binary_translation-Cota_E_G.pdf,PDF_EN_BLANCO,,,Cross-ISA machine instrumentation using fast and scalable dynamic binary translation,https://doi.org/10.1145/3313808.3313811,No se encontro una version PDF con licencia explicita de redistribucion
33,ARM,MAMBO: A low-overhead dynamic binary modification tool for ARM,"Gorgovan, C.",10.1145/2896451,ARM_mambo_a_low_overhead_dynamic_binary_modification_tool_for_arm-Gorgovan_C.pdf,PDF_EN_BLANCO,,,,,No se encontro una version PDF con licencia explicita de redistribucion
34,CROSS_ARCHITECTURE,Hardware-accelerated cross-architecture full-system virtualization,"Spink, T.",10.1145/2996798,CROSS_ARCHITECTURE_hardware_accelerated_cross_architecture_full_system_virtualization-Spink_T.pdf,PDF_EN_BLANCO,,,Hardware-Accelerated Cross-Architecture Full-System Virtualization,https://doi.org/10.1145/2996798,No se encontro una version PDF con licencia explicita de redistribucion; sin licencia redistribuible: http://dl.acm.org/ft_gateway.cfm?id=2996798&type=pdf | sin licencia redistribuible: https://www.pure.ed.ac.uk/ws/files/28157919/taco_1.pdf
35,DBT,A retargetable system-level DBT hypervisor,"Spink, T.",10.1145/3386161,DBT_a_retargetable_system_level_dbt_hypervisor-Spink_T.pdf,PDF_EN_BLANCO,,,A Retargetable System-level DBT Hypervisor,https://doi.org/10.1145/3386161,No se encontro una version PDF con licencia explicita de redistribucion; sin licencia redistribuible: https://www.research.ed.ac.uk/files/138858871/A_Retargetable_System_Level_SPINK_DOA27022020_AFV.pdf | sin licencia redistribuible: https://www.pure.ed.ac.uk/ws/files/93292802/A_Retargetable_System_retargetable_dbt_SPINK_DoA170419_AFV.pdf | sin licencia redistribuible: https://www.research.ed.ac.uk/portal/en/publications/a-retargetable-systemlevel-dbt-hypervisor(5807dfc5-6f47-4de6-af05-f0a575960b8d).html
36,ARM,Translating the ARM Neon and VFP instructions in a binary translator,"Guo, Y.-C.",10.1002/spe.2394,ARM_translating_the_arm_neon_and_vfp_instructions_in_a_binary_translator-Guo_Y_C.pdf,PDF_EN_BLANCO,,,Translating the ARM Neon and VFP instructions in a binary translator,https://doi.org/10.1002/spe.2394,No se encontro una version PDF con licencia explicita de redistribucion
37,BOX64,Practical and Efficient x86-64 Emulation on RISC-V,"Tan, X.",10.1145/3767295.3803574,BOX64_practical_and_efficient_x86_64_emulation_on_risc_v-Tan_X.pdf,PDF_EN_BLANCO,,,Practical and Efficient x86-64 Emulation on RISC-V,https://doi.org/10.1145/3767295.3803574,No se encontro una version PDF con licencia explicita de redistribucion
38,X86,RISCing it All: Accelerating Binary Translation Using Software-Only Validated Flag Speculation,"Yen, J.",,X86_riscing_it_all_accelerating_binary_translation_using_software_only_validated_flag_speculation-Yen_J.pdf,PDF_EN_BLANCO,,,RISCing it All: Accelerating Binary Translation Using Software-Only Validated Flag Speculation,https://doi.org/10.1109/tmc.2026.3718184,No se encontro una version PDF con licencia explicita de redistribucion
39,PROTON,“Is Proton Good Enough?”—A Performance Comparison Between Gaming on Windows and Linux,"Kopel, M.",10.1007/978-3-031-41456-5_48,PROTON_is_proton_good_enough_a_performance_comparison_between_gaming_on_windows_and_linux-Kopel_M.pdf,PDF_EN_BLANCO,,,“Is Proton Good Enough?” - A Performance Comparison Between Gaming on Windows and Linux,https://doi.org/10.1007/978-3-031-41456-5_48,No se encontro una version PDF con licencia explicita de redistribucion
40,DIRECT3D,Programming Interfaces for Cross-platform Image Rendering and Deep Learning GPGPU,"Georgiev, G. G.",,DIRECT3D_programming_interfaces_for_cross_platform_image_rendering_and_deep_learning_gpgpu-Georgiev_G_G.pdf,PDF_EN_BLANCO,,,Programming Interfaces for Cross-platform Image Rendering and Deep Learning GPGPU,https://doi.org/10.1109/comsci59259.2023.10315835,No se encontro una version PDF con licencia explicita de redistribucion
41,LINUX_GAMING,A Survey of the Ability of the Linux Operating System to Support Online Game Execution,"Peoples, C.",,LINUX_GAMING_a_survey_of_the_ability_of_the_linux_operating_system_to_support_online_game_execution-Peoples_C.pdf,PDF_EN_BLANCO,,,,,No se encontro una version PDF con licencia explicita de redistribucion
42,PROTON,Automated Diagnosis and Testing of Game Compatibility Layers,"Dai, H.",10.1145/3803437.3804876,PROTON_automated_diagnosis_and_testing_of_game_compatibility_layers-Dai_H.pdf,PDF_EN_BLANCO,,,Automated Diagnosis and Testing of Game Compatibility Layers,https://doi.org/10.1145/3803437.3804876,No se encontro una version PDF con licencia explicita de redistribucion
43,VULKAN,A Cross-Platform Graphics API Solution for Modern and Legacy Development Styles,"Konrad, R.",10.1007/978-3-031-44751-8_4,VULKAN_a_cross_platform_graphics_api_solution_for_modern_and_legacy_development_styles-Konrad_R.pdf,PDF_EN_BLANCO,,,A Cross-Platform Graphics API Solution for Modern and Legacy Development Styles,https://doi.org/10.1007/978-3-031-44751-8_4,No se encontro una version PDF con licencia explicita de redistribucion
44,VULKAN,Multithreaded rendering for cross-platform 3D visualization based on Vulkan API,"Ioannidis, C.",,VULKAN_multithreaded_rendering_for_cross_platform_3d_visualization_based_on_vulkan_api-Ioannidis_C.pdf,DESCARGADO,cc-by,https://www.int-arch-photogramm-remote-sens-spatial-inf-sci.net/XLIV-4-W1-2020/57/2020/isprs-archives-XLIV-4-W1-2020-57-2020.pdf,MULTITHREADED RENDERING FOR CROSS-PLATFORM 3D VISUALIZATION BASED ON VULKAN API,https://doi.org/10.5194/isprs-archives-xliv-4-w1-2020-57-2020,PDF de acceso abierto con licencia de redistribucion
45,SHADERS,Shader components: modular and high performance shader development,"He, Y.",10.1145/3072959.3073648,SHADERS_shader_components_modular_and_high_performance_shader_development-He_Y.pdf,PDF_EN_BLANCO,,,,,No se encontro una version PDF con licencia explicita de redistribucion
46,VULKAN,Vulkan all the way: Transitioning to a modern low-level graphics API in academia,"Unterguggenberger, J.",10.1016/j.cag.2023.02.004,VULKAN_vulkan_all_the_way_transitioning_to_a_modern_low_level_graphics_api_in_academia-Unterguggenberger_J.pdf,PDF_EN_BLANCO,,,Vulkan all the way: Transitioning to a modern low-level graphics API in academia,https://doi.org/10.1016/j.cag.2023.02.001,No se encontro una version PDF con licencia explicita de redistribucion
47,SHADER_COMPILER,Automated testing of graphics shader compilers,"Donaldson, A. F.",10.1145/3133917,SHADER_COMPILER_automated_testing_of_graphics_shader_compilers-Donaldson_A_F.pdf,PDF_EN_BLANCO,,,Automated testing of graphics shader compilers,https://doi.org/10.1145/3133917,No se encontro una version PDF con licencia explicita de redistribucion; HTTP 403: https://dl.acm.org/doi/pdf/10.1145/3133917
48,SHADER_COMPILER,Metamorphic shader fusion for testing graphics shader compilers,"Xiao, D.",10.1109/ICST57152.2023.00043,SHADER_COMPILER_metamorphic_shader_fusion_for_testing_graphics_shader_compilers-Xiao_D.pdf,PDF_EN_BLANCO,,,Metamorphic Shader Fusion for Testing Graphics Shader Compilers,https://doi.org/10.1109/icse48619.2023.00201,No se encontro una version PDF con licencia explicita de redistribucion
49,SHADER_TRANSLATION,DarthShader: Fuzzing WebGPU shader translators & compilers,"Bernhard, L.",10.1145/3658644.3690209,SHADER_TRANSLATION_darthshader_fuzzing_webgpu_shader_translators_compilers-Bernhard_L.pdf,PDF_EN_BLANCO,,,DarthShader: Fuzzing WebGPU Shader Translators &amp; Compilers,https://doi.org/10.1145/3658644.3690209,No se encontro una version PDF con licencia explicita de redistribucion; sin licencia redistribuible: https://dl.acm.org/doi/pdf/10.1145/3658644.3690209 | sin licencia redistribuible: https://arxiv.org/pdf/2409.01824
50,ANDROID,GPUReplay: a 50-KB GPU stack for client ML,"Park, H.",10.1145/3503222.3507754,ANDROID_gpureplay_a_50_kb_gpu_stack_for_client_ml-Park_H.pdf,PDF_EN_BLANCO,,,GPUReplay: a 50-KB GPU stack for client ML,https://doi.org/10.1145/3503222.3507754,No se encontro una version PDF con licencia explicita de redistribucion; sin licencia redistribuible: https://dl.acm.org/doi/pdf/10.1145/3503222.3507754
51,QEMU,"QEMU, a Fast and Portable Dynamic Translator","Bellard, Fabrice",,QEMU_qemu_a_fast_and_portable_dynamic_translator-Bellard_Fabrice.pdf,PDF_EN_BLANCO,,,"QEMU, a fast and portable dynamic translator",,No se encontro una version PDF con licencia explicita de redistribucion
52,DBT,Efficient and Retargetable Dynamic Binary Translation on Multicores,"Hong, Ding-Yong",10.1109/TPDS.2012.119,DBT_efficient_and_retargetable_dynamic_binary_translation_on_multicores-Hong_Ding_Yong.pdf,PDF_EN_BLANCO,,,Efficient and Retargetable Dynamic Binary Translation on Multicores,https://doi.org/10.1109/tpds.2013.56,No se encontro una version PDF con licencia explicita de redistribucion
53,MEMORY_VIRTUALIZATION,Efficient Memory Virtualization for Cross-ISA System Mode Emulation,"Chang, Chia-Jung",10.1145/2576195.2576201,MEMORY_VIRTUALIZATION_efficient_memory_virtualization_for_cross_isa_system_mode_emulation-Chang_Chia_Jung.pdf,PDF_EN_BLANCO,,,Efficient memory virtualization for Cross-ISA system mode emulation,https://doi.org/10.1145/2576195.2576201,No se encontro una version PDF con licencia explicita de redistribucion
54,CROSS_ISA,Cross-ISA Machine Emulation for Multicores,"Cota, Emilio G.",10.1109/CGO.2017.7863741,CROSS_ISA_cross_isa_machine_emulation_for_multicores-Cota_Emilio_G.pdf,PDF_EN_BLANCO,,,Cross-ISA machine emulation for multicores,https://doi.org/10.1109/cgo.2017.7863741,No se encontro una version PDF con licencia explicita de redistribucion
55,CROSSDBT,CrossDBT: An LLVM-Based User-Level Dynamic Binary Translation Emulator,"Li, W.",10.1007/978-3-031-12597-3_1,CROSSDBT_crossdbt_an_llvm_based_user_level_dynamic_binary_translation_emulator-Li_W.pdf,PDF_EN_BLANCO,,,CrossDBT: An LLVM-Based User-Level Dynamic Binary Translation Emulator,https://doi.org/10.1007/978-3-031-12597-3_1,No se encontro una version PDF con licencia explicita de redistribucion
56,CROSSMAPPING,CrossMapping: Harmonizing Memory Consistency in Cross-ISA Binary Translation,"Gao, Chen",,CROSSMAPPING_crossmapping_harmonizing_memory_consistency_in_cross_isa_binary_translation-Gao_Chen.pdf,PDF_EN_BLANCO,,,,,No se encontro una version PDF con licencia explicita de redistribucion
57,BTBENCH,BTBench: A Benchmark for Comprehensive Binary Translation Performance Evaluation,"Li, X.",,BTBENCH_btbench_a_benchmark_for_comprehensive_binary_translation_performance_evaluation-Li_X.pdf,PDF_EN_BLANCO,,,BTBench: A Benchmark for Comprehensive Binary Translation Performance Evaluation,https://doi.org/10.1109/ispass61541.2024.00014,No se encontro una version PDF con licencia explicita de redistribucion
58,BINARY_TRANSLATION,ARMing x86 Games: Accelerating Binary Translation Using Software-Only Validated Flag Speculation,"Yen, J.",10.1145/3711875.3729163,BINARY_TRANSLATION_arming_x86_games_accelerating_binary_translation_using_software_only_validated_flag_speculation-Yen_J.pdf,PDF_EN_BLANCO,,,ARMing x86 Games: Accelerating Binary Translation Using Software-Only Validated Flag Speculation,https://doi.org/10.1145/3711875.3729163,No se encontro una version PDF con licencia explicita de redistribucion; sin licencia redistribuible: https://dl.acm.org/doi/pdf/10.1145/3711875.3729163
59,ANDROID_SECURITY,NativeGuard: Protecting Android Applications from Third-Party Native Libraries,"Sun, M.",10.1145/2627393.2627396,ANDROID_SECURITY_nativeguard_protecting_android_applications_from_third_party_native_libraries-Sun_M.pdf,PDF_EN_BLANCO,,,,,No se encontro una version PDF con licencia explicita de redistribucion
60,ANDROID_SECURITY,NaClDroid: Native Code Isolation for Android Applications,"Athanasopoulos, Elias",10.1007/978-3-319-45744-4_21,ANDROID_SECURITY_nacldroid_native_code_isolation_for_android_applications-Athanasopoulos_Elias.pdf,PDF_EN_BLANCO,,,NaClDroid: Native Code Isolation for Android Applications,https://doi.org/10.1007/978-3-319-45744-4_21,No se encontro una version PDF con licencia explicita de redistribucion
61,ANDROID_SECURITY,Dynamic Security Analysis on Android: A Systematic Literature Review,"Sutter, T.",10.1109/ACCESS.2024.3382074,ANDROID_SECURITY_dynamic_security_analysis_on_android_a_systematic_literature_review-Sutter_T.pdf,DESCARGADO,cc-by,https://ieeexplore.ieee.org/ielx7/6287639/6514899/10504267.pdf,Dynamic Security Analysis on Android: A Systematic Literature Review,https://doi.org/10.1109/access.2024.3390612,PDF de acceso abierto con licencia de redistribucion
62,SOFTWARE_MODERNIZATION,"Contemporary Software Modernization: Strategies, Driving Forces, and Research Opportunities","Assunção, Wesley K. G.",10.1145/3708527,SOFTWARE_MODERNIZATION_contemporary_software_modernization_strategies_driving_forces_and_research_opportunities-Assuncao_Wesley_K_G.pdf,PDF_EN_BLANCO,,,"Contemporary Software Modernization: Strategies, Driving Forces, and Research Opportunities",https://doi.org/10.1145/3708527,No se encontro una version PDF con licencia explicita de redistribucion
63,MEGA,Molecular Evolutionary Genetics Analysis (MEGA) for macOS,"Stecher, Glen",10.1093/molbev/msz312,MEGA_molecular_evolutionary_genetics_analysis_mega_for_macos-Stecher_Glen.pdf,PDF_EN_BLANCO,,,Molecular Evolutionary Genetics Analysis (MEGA) for macOS,https://doi.org/10.1093/molbev/msz312,No se encontro una version PDF con licencia explicita de redistribucion; sin licencia redistribuible: https://academic.oup.com/mbe/article-pdf/37/4/1237/32960155/msz312.pdf
64,CLOUD_GAMING,Towards an Efficient Containerized Cloud Gaming Platform,"Gegout, A.",,CLOUD_GAMING_towards_an_efficient_containerized_cloud_gaming_platform-Gegout_A.pdf,PDF_EN_BLANCO,,,,,No se encontro una version PDF con licencia explicita de redistribucion
65,ANDROID_SECURITY,Too Quiet in the Library: An Empirical Study of Security Updates in Android Apps' Native Code,"Almanee, S.",10.1109/ICSE43902.2021.00078,ANDROID_SECURITY_too_quiet_in_the_library_an_empirical_study_of_security_updates_in_android_apps_native_code-Almanee_S.pdf,PDF_EN_BLANCO,,,Too Quiet in the Library: An Empirical Study of Security Updates in Android Apps' Native Code,https://doi.org/10.1109/icse43902.2021.00122,No se encontro una version PDF con licencia explicita de redistribucion
66,CONTAINERIZATION,Containers for Computational Reproducibility,"Moreau, D.",10.1038/s43586-023-00236-9,CONTAINERIZATION_containers_for_computational_reproducibility-Moreau_D.pdf,PDF_EN_BLANCO,,,Containers for computational reproducibility,https://doi.org/10.1038/s43586-023-00236-9,No se encontro una version PDF con licencia explicita de redistribucion
67,CONTAINERIZATION,"Emerging Trends, Techniques and Open Issues of Containerization: A Review","Watada, Junzo",10.1109/ACCESS.2019.2945930,CONTAINERIZATION_emerging_trends_techniques_and_open_issues_of_containerization_a_review-Watada_Junzo.pdf,PDF_EN_BLANCO,,,"Emerging Trends, Techniques and Open Issues of Containerization: A Review",https://doi.org/10.1109/access.2019.2945930,No se encontro una version PDF con licencia explicita de redistribucion
68,LEGACY_CODE,Leveraging Legacy Code to Deploy Desktop Applications on the Web,"Douceur, John R.",,LEGACY_CODE_leveraging_legacy_code_to_deploy_desktop_applications_on_the_web-Douceur_John_R.pdf,PDF_EN_BLANCO,,,,,No se encontro una version PDF con licencia explicita de redistribucion
69,BINARY_TRANSLATION,Arancini: A Hybrid Binary Translator for Weak Memory Model Architectures,"Reimers, S.",10.1145/3779212.3790127,BINARY_TRANSLATION_arancini_a_hybrid_binary_translator_for_weak_memory_model_architectures-Reimers_S.pdf,PDF_EN_BLANCO,,,Arancini: A Hybrid Binary Translator for Weak Memory Model Architectures,https://doi.org/10.1145/3779212.3790127,No se encontro una version PDF con licencia explicita de redistribucion
70,ANDROID_LIBRARIES,Research on Third-Party Libraries in Android Apps: A Taxonomy and Systematic Literature Review,"Zhan, X.",10.1109/TSE.2021.3112143,ANDROID_LIBRARIES_research_on_third_party_libraries_in_android_apps_a_taxonomy_and_systematic_literature_review-Zhan_X.pdf,PDF_EN_BLANCO,,,Research on Third-Party Libraries in Android Apps: A Taxonomy and Systematic Literature Review,https://doi.org/10.1109/tse.2021.3114381,No se encontro una version PDF con licencia explicita de redistribucion
71,ANDROID_SECURITY,A Survey on Various Threats and Current State of Security in Android Platform,"Bhat, P.",10.1145/3301285,ANDROID_SECURITY_a_survey_on_various_threats_and_current_state_of_security_in_android_platform-Bhat_P.pdf,PDF_EN_BLANCO,,,A Survey on Various Threats and Current State of Security in Android Platform,https://doi.org/10.1145/3301285,No se encontro una version PDF con licencia explicita de redistribucion
72,BINARY_TRANSLATION,Risotto: A Dynamic Binary Translator for Weak Memory Model Architectures,"Gouicem, Redha",10.1145/3567955.3567962,BINARY_TRANSLATION_risotto_a_dynamic_binary_translator_for_weak_memory_model_architectures-Gouicem_Redha.pdf,PDF_EN_BLANCO,,,Risotto: A Dynamic Binary Translator for Weak Memory Model Architectures,https://doi.org/10.1145/3567955.3567962,No se encontro una version PDF con licencia explicita de redistribucion; sin licencia redistribuible: https://repository.tudelft.nl/file/File_675ab30d-07be-4078-b005-b9d77d7197e7
